id,type,evaluation,label,title,description
A,goal,,A,Protect and Restore,"The  integrity,  connectivity  and  resilience  of  all  ecosystems  are  maintained,  enhanced,  or  restored, substantially increasing the area of natural ecosystems by 2050;
Human induced extinction of known threatened species is halted, and, by 2050, extinction rate and risk of  all species are reduced tenfold and the abundance of native wild species is increased to healthy and resilient  levels;
The genetic diversity within populations of wild and domesticated species, is maintained, safeguarding their  adaptive potential."
A.1 Red List of Ecosystems,headline,verified,A.1,A.1 Red List of Ecosystems,
A.2 Extent of natural ecosystems,headline,verified,A.2,A.2 Extent of natural ecosystems,
A.3 Red List Index (Sustainable Development Goal indicators 15.5.1),headline,verified,A.3,A.3 Red List Index (Sustainable Development Goal indicators 15.5.1),
A.4 The proportion of populations within species with an effective population size greater than 500,headline,verified,A.4,A.4 The proportion of populations within species with an effective population size greater than 500,
Ecosystem Intactness Index,component,,A.CT.1,Ecosystem Intactness Index,
Ecosystem Integrity Index,component,,A.CT.2,Ecosystem Integrity Index,
Species Habitat Index,component,,A.CT.3,Species Habitat Index,
Biodiversity Habitat Index,component,,A.CT.4,Biodiversity Habitat Index,
Biodiversity Intactness Index,component,,A.CT.5,Biodiversity Intactness Index,
Protected Connected Index,component,,A.CT.6,Protected Connected Index,
Protected Area Representativeness and Connectedness Indices,component,,A.CT.7,Protected Area Representativeness and Connectedness Indices,
Evolutionarily Distinct and Globally Endangered Index,component,,A.CT.9,Evolutionarily Distinct and Globally Endangered Index,
Living Planet Index,component,,A.CT.10,Living Planet Index,
Wild Bird Index,component,,A.CT.11,Wild Bird Index,
Forest area as a proportion of total land area (Sustainable Development Goal indicator 15.1.1),complementary,,A.CY.1,Forest area as a proportion of total land area (Sustainable Development Goal indicator 15.1.1),
Rate of tree cover loss,complementary,,A.CY.2,Rate of tree cover loss,
Mountain Green Cover Index (Sustainable Development Goal indicator 15.4.2),complementary,,A.CY.3,Mountain Green Cover Index (Sustainable Development Goal indicator 15.4.2),
Continuous global mangrove forest cover,complementary,,A.CY.4,Continuous global mangrove forest cover,
Mangrove forest fragmentation,complementary,,A.CY.5,Mangrove forest fragmentation,
Mangrove extent,complementary,,A.CY.6,Mangrove extent,
Global salt marsh extent,complementary,,A.CY.7,Global salt marsh extent,
Wetland Extent Trends Index,complementary,,A.CY.8,Wetland Extent Trends Index,
Forest Fragmentation Index,complementary,,A.CY.9,Forest Fragmentation Index,
Forest Landscape Integrity,complementary,,A.CY.10,Forest Landscape Integrity,
Global Vegetation Health Products,complementary,,A.CY.11,Global Vegetation Health Products,
Bioclimatic Ecosystem Resilience Index (1),complementary,,8.CT.2,Bioclimatic Ecosystem Resilience Index,
Relative magnitude of fragmentation,complementary,,A.CY.12,Relative magnitude of fragmentation,
Ocean Health Index,complementary,,A.CY.13,Ocean Health Index,
Extent of physical damage to predominant seafloor habitats,complementary,,A.CY.14,Extent of physical damage to predominant seafloor habitats,
River Fragmentation Index,complementary,,A.CY.15,River Fragmentation Index,
Mean species abundance,complementary,,A.CY.16,Mean species abundance,
Species Protection Index (1),complementary,,3.CT.2,Species Protection Index,
Changes in plankton biomass and abundance,complementary,,A.CY.17,Changes in plankton biomass and abundance,
Comprehensiveness of conservation of socioeconomically and culturally valuable species,complementary,,A.CY.18,Comprehensiveness of conservation of socioeconomically and culturally valuable species,
Number of plant and animal genetic resources for food and agriculture secured in either medium- or long-term conservation facilities (Sustainable Development Goal indicator 2.5.1) (2),complementary,,4.CT.1,Number of plant and animal genetic resources for food and agriculture secured in either medium- or long-term conservation facilities (Sustainable Development Goal indicator 2.5.1),
Red List Index (wild relatives of domesticated animals),complementary,,A.CY.19,Red List Index (wild relatives of domesticated animals),
Species Status Information Index,complementary,,A.CY.20,Species Status Information Index,
Expected loss of phylogenetic diversity,complementary,,A.CY.21,Expected loss of phylogenetic diversity,
Proportion of populations maintained within species,complementary,,A.CY.22,Proportion of populations maintained within species,
B,goal,,B,Prosper with Nature,"Biodiversity is sustainably used and managed and nature’s contributions to people, including ecosystem functions and services, are valued, maintained and enhanced, with those currently in decline being restored, supporting the achievement of sustainable development for the benefit of present and future generations by  2050."
B.1 Services provided by ecosystems,headline,verified,B.1,B.1 Services provided by ecosystems,
"B.b Number of countries with policies or actions for implementing and monitoring the sustainable use of biodiversity and the maintenance and enhancement of nature’s contributions to people, including ecosystem functions and services",binary,verified,B.b,"B.b Number of countries with policies or actions for implementing and monitoring the sustainable use of biodiversity and the maintenance and enhancement of nature’s contributions to people, including ecosystem functions and services",
Red List Index (for utilized species) (1),component,,B.CT.1,Red List Index (for utilized species),
Living Planet Index for utilized species,component,,B.CT.2,Living Planet Index for utilized species,
Total value of ecosystems services in monetary units,component,,B.CT.3,Total value of ecosystems services in monetary units,
Ecological footprint (1),complementary,,B.CY.1,Ecological footprint,
Red List Index (pollinating species),complementary,,B.CY.2,Red List Index (pollinating species),
Green status of species (1),complementary,,4.CT.2,Green status of species,
Level of water stress: freshwater withdrawal as a proportion of available freshwater resources (Sustainable Development Goal indicator 6.4.2),complementary,,11.CT.3,Level of water stress: freshwater withdrawal as a proportion of available freshwater resources (Sustainable Development Goal indicator 6.4.2),
Proportion of bodies of water with good ambient water quality (Sustainable Development Goal indicator 6.3.2),complementary,,11.CT.2,Proportion of bodies of water with good ambient water quality (Sustainable Development Goal indicator 6.3.2),
Forestry production and trade (wood fuel),complementary,,B.CY.3,Forestry production and trade (wood fuel),
"United Nations Educational, Scientific and Cultural Organization culture|2030 indicators",complementary,,B.CY.4,"United Nations Educational, Scientific and Cultural Organization culture|2030 indicators",
C,goal,,C,Share Benefits Fairly,"The  monetary  and  non-monetary  benefits  from  the  utilization  of  genetic  resources, and digital  sequence  information  on  genetic  resources,  and  of  traditional  knowledge  associated  with  genetic  resources,  as  applicable,  are  shared  fairly  and  equitably,  including,  as  appropriate  with  indigenous  peoples  and  local  communities, and substantially increased  by 2050, while ensuring traditional knowledge  associated  with  genetic resources is appropriately protected, thereby contributing to the conservation and sustainable use  of biodiversity, in accordance with internationally agreed access and benefit-sharing instruments."
C.1 Monetary benefits received in accordance with applicable internationally agreed access and benefit-sharing instruments,headline,verified,C.1,C.1 Monetary benefits received in accordance with applicable internationally agreed access and benefit-sharing instruments,
C.2 Non- monetary benefits arising from applicable international access and benefit-sharing instruments,headline,verified,C.2,C.2 Non- monetary benefits arising from applicable international access and benefit-sharing instruments,
Number of users that have provided information relevant to the utilization of genetic resources to designated checkpoints,complementary,,C.CY.1,Number of users that have provided information relevant to the utilization of genetic resources to designated checkpoints,
Total number of internationally recognized certificates published on the Access and Benefit-sharing Clearing-House (1),complementary,,13.CT.1,Total number of internationally recognized certificates published on the Access and Benefit-sharing Clearing-House,
Number of checkpoint communiqués published on the Access and Benefit-sharing Clearing-House,complementary,,C.CY.2,Number of checkpoint communiqués published on the Access and Benefit-sharing Clearing-House,
Number of internationally recognized certificates of compliance for non-commercial purposes in the Access and Benefit-sharing Clearing-House,complementary,,C.CY.3,Number of internationally recognized certificates of compliance for non-commercial purposes in the Access and Benefit-sharing Clearing-House,
D,goal,,D,Invest and Collaborate,"Adequate  means  of  implementation,  including  financial  resources,  capacity-building,  technical  and  scientific cooperation,  and access to and transfer of technology  to fully implement the Kunming-Montreal  global biodiversity framework  are  secured and equitably accessible to all Parties, especially developing  countries, in particular the least developed countries and small island developing States, as well as countries  with economies in transition, progressively closing the biodiversity finance gap of 700 billion dollars per  year, and  aligning  financial  flows  with  the Kunming-Montreal Global  Biodiversity  Framework and  the  2050 Vision for Biodiversity."
"D.1 International public funding, including official development assistance for conservation and sustainable use of biodiversity and ecosystems",headline,verified,D.1,"D.1 International public funding, including official development assistance for conservation and sustainable use of biodiversity and ecosystems",
D.2 Domestic public funding on conservation and sustainable use of biodiversity and ecosystems,headline,verified,D.2,D.2 Domestic public funding on conservation and sustainable use of biodiversity and ecosystems,
D.3 Private funding (domestic and international) on conservation and sustainable use of biodiversity and ecosystems,headline,verified,D.3,D.3 Private funding (domestic and international) on conservation and sustainable use of biodiversity and ecosystems,
Number of researchers per population,complementary,,D.CY.1,Number of researchers per population,
Number of joint scientific papers published in the Ocean Biodiversity Information System by sector,complementary,,D.CY.2,Number of joint scientific papers published in the Ocean Biodiversity Information System by sector,
Proportion of total research budget allocated to research in the field of marine technology (Sustainable Development Goal indicator 14.a.1),complementary,,D.CY.3,Proportion of total research budget allocated to research in the field of marine technology (Sustainable Development Goal indicator 14.a.1),
Volume of official development assistance flows for scholarships by sector and type of study (Sustainable Development Goal indicator 4.b.1) Global imports of information and communications technology goods by category,complementary,,D.CY.4,Volume of official development assistance flows for scholarships by sector and type of study (Sustainable Development Goal indicator 4.b.1) Global imports of information and communications technology goods by category,
"Total amount of approved funding for developing countries to promote the development, transfer, dissemination and diffusion of environmentally sound technologies (Sustainable Development Goal indicator 17.7.1)",complementary,,20.CT.1,"Total amount of approved funding for developing countries to promote the development, transfer, dissemination and diffusion of environmentally sound technologies (Sustainable Development Goal indicator 17.7.1)",
International funding targeted at indigenous peoples and local communities within biodiversity-related activities ,complementary,,D.CY.6,International funding targeted at indigenous peoples and local communities within biodiversity-related activities ,
International funding targeted at youth within biodiversity- related activities,complementary,,D.CY.7,International funding targeted at youth within biodiversity- related activities,
International funding targeted at gender equality and women’s rights policy objectives within biodiversity-related activities,complementary,,D.CY.8,International funding targeted at gender equality and women’s rights policy objectives within biodiversity-related activities,
Monetary value of the annual budget for biodiversity from total national budget,complementary,,D.CY.9,Monetary value of the annual budget for biodiversity from total national budget,
Percentage of annual biodiversity expenditure in total national government budgets,complementary,,D.CY.10,Percentage of annual biodiversity expenditure in total national government budgets,
Domestic funding targeted at indigenous peoples and local communities within biodiversity-related activities,complementary,,D.CY.11,Domestic funding targeted at indigenous peoples and local communities within biodiversity-related activities,
Domestic funding targeted at youth within biodiversity- related activities,complementary,,D.CY.12,Domestic funding targeted at youth within biodiversity- related activities,
Domestic funding targeted at gender equality and women’s rights policy objectives within biodiversity-related activities,complementary,,D.CY.13,Domestic funding targeted at gender equality and women’s rights policy objectives within biodiversity-related activities,
Private funding targeted at indigenous peoples and local communities within biodiversity-related activities,complementary,,D.CY.14,Private funding targeted at indigenous peoples and local communities within biodiversity-related activities,
Private funding targeted at youth within biodiversity- related activities,complementary,,D.CY.15,Private funding targeted at youth within biodiversity- related activities,
Private funding targeted at gender equality and women’s rights policy objectives within biodiversity-related activities,complementary,,D.CY.16,Private funding targeted at gender equality and women’s rights policy objectives within biodiversity-related activities,
"Private funding mobilized for indigenous peoples and local communities, women and youth",complementary,,D.CY.17,"Private funding mobilized for indigenous peoples and local communities, women and youth",
1,target,,T1 Spatial Planning,Plan and Manage all Areas To Reduce Biodiversity Loss,"Ensure that all areas are under participatory integrated biodiversity inclusive spatial planning and/or effective management processes addressing land and sea use change, to bring the loss of areas of high biodiversity importance, including ecosystems of high ecological integrity, close to zero by 2030, while respecting the rights of indigenous peoples and local communities,"
1.1 Percentage of land and sea area covered by biodiversity- inclusive spatial plans,headline,verified,1.1,1.1 Percentage of land and sea area covered by biodiversity- inclusive spatial plans,
"1.b Number of countries using participatory, integrated and biodiversity- inclusive spatial planning and/or effective management processes addressing land- and sea-use change to bring the loss of areas of high biodiversity importance close to zero by 2030",binary,verified,1.b,"1.b Number of countries using participatory, integrated and biodiversity- inclusive spatial planning and/or effective management processes addressing land- and sea-use change to bring the loss of areas of high biodiversity importance close to zero by 2030",
 Proportion of transboundary basin area with an operational arrangement for water cooperation (Sustainable Development Goal indicator 6.5.2),complementary,,1.CY.1, Proportion of transboundary basin area with an operational arrangement for water cooperation (Sustainable Development Goal indicator 6.5.2),
2,target,,T2 Restoration,Restore 30% of all Degraded Ecosystems,"Ensure that by 2030 at least 30 percent of areas of degraded terrestrial, inland water, and coastal and marine ecosystems are under effective restoration, in order to enhance biodiversity and ecosystem functions and services, ecological integrity and connectivity."
2.1 Area under restoration,headline,verified,2.1,2.1 Area under restoration,
Proportion of land that is degraded over total land area (Sustainable Development Goal indicator 15.3.1),component,,2.CT.1,Proportion of land that is degraded over total land area (Sustainable Development Goal indicator 15.3.1),
Global Ecosystem Restoration Index,complementary,,2.CY.1,Global Ecosystem Restoration Index,
Proportion of key biodiversity areas in favourable condition,complementary,,2.CY.2,Proportion of key biodiversity areas in favourable condition,
3,target,,T3 Conservation,"Conserve 30% of Land, Waters and Seas","Ensure and enable that by 2030 at least 30 per cent of terrestrial, inland water, and of coastal and marine  areas, especially areas of particular importance for biodiversity and ecosystem functions and services, are  effectively  conserved  and  managed  through  ecologically  representative,  well-connected  and  equitably  governed  systems  of  protected  areas  and  other  effective  area-based  conservation  measures,  recognizing  indigenous and traditional territories, where applicable, and integrated into wider landscapes, seascapes and  the ocean, while ensuring that any sustainable use, where appropriate in such areas, is fully consistent with  conservation outcomes, recognizing and respecting the rights of indigenous peoples and local communities, including over their traditional territories."
3.1 Coverage of protected areas and other effective area- based conservation measures,headline,verified,3.1,3.1 Coverage of protected areas and other effective area- based conservation measures,
Protected Area Connectedness Index,component,,3.CT.1,Protected Area Connectedness Index,
Species Protection Index (2),component,,3.CT.2,Species Protection Index,
"Rate of protected area downgrading, downsizing and degazettement events",complementary,,3.CY.1,"Rate of protected area downgrading, downsizing and degazettement events",
International Union for Conservation of Nature Green List of Protected and Conserved Areas Standard,complementary,,3.CY.2,International Union for Conservation of Nature Green List of Protected and Conserved Areas Standard,
Protected Area Isolation Index,complementary,,3.CY.3,Protected Area Isolation Index,
Protected Areas Network metric,complementary,,3.CY.4,Protected Areas Network metric,
Number of protected areas that have completed a site-level assessment of governance and equity,complementary,,3.CY.5,Number of protected areas that have completed a site-level assessment of governance and equity,
4,target,,T4 Human-wildlife Conflict,"Halt Species Extinction, Protect Genetic Diversity, and Manage Human-Wildlife Conflicts","Ensure urgent management actions to halt human induced extinction of known threatened species and for the recovery and conservation of species, in particular threatened species, to significantly reduce extinction risk, as well as to maintain and restore the genetic diversity within and between populations of native, wild and domesticated species to maintain their adaptive potential, including through in situ and ex situ conservation and sustainable management practices, and effectively manage human-wildlife interactions to minimize human-wildlife conflict for coexistence."
Number of plant and animal genetic resources for food and agriculture secured in either medium- or long-term conservation facilities (Sustainable Development Goal indicator 2.5.1) (1),component,,4.CT.1,Number of plant and animal genetic resources for food and agriculture secured in either medium- or long-term conservation facilities (Sustainable Development Goal indicator 2.5.1),
Green status of species (2),component,,4.CT.2,Green status of species,
Human-wildlife conflict indicator,component,,4.CT.3,Human-wildlife conflict indicator,
Proportion of local breeds classified as being at risk of extinction (Sustainable Development Goal indicator 2.5.2) (1),component,,4.CT.4,Proportion of local breeds classified as being at risk of extinction (Sustainable Development Goal indicator 2.5.2),
Proportion of local breeds classified as being at risk of extinction (Sustainable Development Goal indicator 2.5.2) (2),complementary,,4.CT.4,Proportion of local breeds classified as being at risk of extinction (Sustainable Development Goal indicator 2.5.2),
Species Threat Abatement and Restoration metric,complementary,,4.CY.1,Species Threat Abatement and Restoration metric,
Number of island invasive alien species eradications,complementary,,4.CY.2,Number of island invasive alien species eradications,
5,target,,T5 Overexploitation,"Ensure Sustainable, Safe and Legal Harvesting and Trade of Wild Species","Ensure that the use, harvesting and trade of wild species is sustainable, safe and legal, preventing overexploitation, minimizing impacts on non-target species and ecosystems, and reducing the risk of pathogen spill-over, applying the ecosystem approach, while respecting and protecting customary sustainable use by indigenous peoples and local communities."
5.1 Proportion of fish stocks within biologically sustainable levels (Sustainable Development Goal indicator 14.4.1),headline,verified,5.1,5.1 Proportion of fish stocks within biologically sustainable levels (Sustainable Development Goal indicator 14.4.1),
"Degree of implementation of international instruments aiming to combat illegal, unreported and unregulated fishing (Sustainable Development Goal indicator 14.6.1) (1)",component,,5.CT.2,"Degree of implementation of international instruments aiming to combat illegal, unreported and unregulated fishing (Sustainable Development Goal indicator 14.6.1) (1)",
Inland fisheries threat indicator,complementary,,5.CY.1,Inland fisheries threat indicator,
Red List Index (for internationally traded species),complementary,,5.CY.2,Red List Index (for internationally traded species),
Marine Stewardship Council Fish Certified Catch,complementary,,5.CY.4,Marine Stewardship Council Fish Certified Catch,
Total catch of cetaceans under the International Convention for the Regulation of Whaling,complementary,,5.CY.5,Total catch of cetaceans under the International Convention for the Regulation of Whaling,
By-catch of vulnerable and non-target species,complementary,,5.CY.6,By-catch of vulnerable and non-target species,
Number of Marine Stewardship Council chain of custody certification holders by distribution country,complementary,,5.CY.7,Number of Marine Stewardship Council chain of custody certification holders by distribution country,
"Biodiversity-based trade, growth rates",complementary,,5.CY.8,"Biodiversity-based trade, growth rates",
6,target,,T6 Invasive Species,Reduce the Introduction of Invasive Alien Species by 50% and Minimize Their Impact,"Eliminate,  minimize,  reduce and or mitigate the impacts of invasive alien species on biodiversity and ecosystem services by identifying and managing pathways of the introduction of alien species, preventing the introduction and establishment of priority invasive alien species, reducing the rates of introduction and establishment of other known or potential invasive alien species by at least 50 percent, by 2030, eradicating or controlling invasive alien species especially in priority sites, such as islands."
6.1 Rate of invasive alien species establishment,headline,verified,6.1,6.1 Rate of invasive alien species establishment,
"6.b Number of countries adopting relevant regulations, processes and measures to reduce the impact of invasive alien species",binary,verified,6.b,"6.b Number of countries adopting relevant regulations, processes and measures to reduce the impact of invasive alien species",
Red List Index (impacts of invasive alien species),complementary,,6.CY.1,Red List Index (impacts of invasive alien species),
7,target,,T7 Pollution,Reduce Pollution to Levels That Are Not Harmful to Biodiversity,"Reduce pollution risks and the negative impact of pollution from all sources, by 2030, to levels that are not harmful to biodiversity and ecosystem functions and services, considering cumulative effects, including: reducing excess nutrients lost to the environment by at least half including through more efficient nutrient cycling and use; reducing the overall risk from pesticides and highly hazardous chemicals by at least half including through integrated pest management, based on science, taking into account food security and livelihoods; and also preventing, reducing, and working towards eliminating plastic pollution."
7.1 Index of coastal eutrophication potential (Sustainable Development Goal indicator 14.1.1 (a)) ,headline,verified,7.1,7.1 Index of coastal eutrophication potential (Sustainable Development Goal indicator 14.1.1 (a)) ,
7.2 Aggregated total applied toxicity,headline,verified,7.2,7.2 Aggregated total applied toxicity,
Cropland nutrient budget,component,,7.CT.1,Cropland nutrient budget,
Proportion of domestic and industrial wastewater flow safely treated (Sustainable Development Goal indicator 6.3.1),component,,7.CT.2,Proportion of domestic and industrial wastewater flow safely treated (Sustainable Development Goal indicator 6.3.1),
Plastic debris density (Sustainable Development Goal indicator 14.1.1 (b)),component,,7.CT.3,Plastic debris density (Sustainable Development Goal indicator 14.1.1 (b)),
Red List Index (impact of pollution),component,,7.CT.4,Red List Index (impact of pollution),
Trends in loss of reactive nitrogen to the environment. ,complementary,,7.CY.1,Trends in loss of reactive nitrogen to the environment. ,
Trends in nitrogen deposition,complementary,,7.CY.2,Trends in nitrogen deposition,
"Proportion of municipal solid waste collected and managed in controlled facilities out of total municipal waste generated, by cities (Sustainable Development Goal indicator 11.6.1)",complementary,,7.CY.3,"Proportion of municipal solid waste collected and managed in controlled facilities out of total municipal waste generated, by cities (Sustainable Development Goal indicator 11.6.1)",
Hazardous waste generation per capita (Sustainable Development Goal indicator 12.4.2(a),complementary,,7.CY.4,Hazardous waste generation per capita (Sustainable Development Goal indicator 12.4.2(a),
"Trends in the amount of litter, including microplastics, in the water column and on the seafloor",complementary,,7.CY.5,"Trends in the amount of litter, including microplastics, in the water column and on the seafloor",
Pesticide use per area of cropland,complementary,,7.CY.6,Pesticide use per area of cropland,
8,target,,T8 Climate Change,Minimize the Impacts of Climate Change on Biodiversity and Build Resilience,"Minimize the impact of climate change and ocean acidification on biodiversity and increase its resilience through mitigation, adaptation, and disaster risk reduction actions, including through nature-based solution and/or ecosystem-based approaches, while minimizing negative and fostering positive impacts of climate action on biodiversity."
8.b Number of countries with policies to minimize the impact of climate change and ocean acidification on biodiversity and to minimize negative and foster positive impacts of climate action on biodiversity,binary,verified,8.b,8.b Number of countries with policies to minimize the impact of climate change and ocean acidification on biodiversity and to minimize negative and foster positive impacts of climate action on biodiversity,
"Number of countries that adopt and implement national disaster risk reduction strategies in line with the Sendai Framework for Disaster Risk Reduction 2015- 2030 (Sustainable Development Goal indicator 1.5.3), which include biodiversity",component,verified,8.CT.1,"Number of countries that adopt and implement national disaster risk reduction strategies in line with the Sendai Framework for Disaster Risk Reduction 2015- 2030 (Sustainable Development Goal indicator 1.5.3), which include biodiversity",
Bioclimatic Ecosystem Resilience Index (2),component,,8.CT.2,Bioclimatic Ecosystem Resilience Index,
Above-ground biomass stock in forest (tons/ha),complementary,,8.CY.1,Above-ground biomass stock in forest (tons/ha),
"National greenhouse gas inventories from land use, land- use change and forestry",complementary,,8.CY.2,"National greenhouse gas inventories from land use, land- use change and forestry",
Proportion of local governments that adopt and implement local disaster risk reduction strategies in line with national disaster risk reduction strategies (Sustainable Development Goal indicator 1.5.4),complementary,,8.CY.3,Proportion of local governments that adopt and implement local disaster risk reduction strategies in line with national disaster risk reduction strategies (Sustainable Development Goal indicator 1.5.4),
Index of coastal eutrophication (Sustainable Development Goal indicator 14.1.1(a),complementary,,7.1,Index of coastal eutrophication (Sustainable Development Goal indicator 14.1.1(a),
Average marine acidity (pH) measured at agreed suite of representative sampling stations (Sustainable Development Goal indicator 14.3.1),complementary,,8.CY.4,Average marine acidity (pH) measured at agreed suite of representative sampling stations (Sustainable Development Goal indicator 14.3.1),
9,target,,T9 Manage Wild Species Sustainably To Benefit People,Manage Wild Species Sustainably To Benefit People,"Ensure that the management and use of wild species are sustainable, thereby providing social, economic and environmental benefits for people, especially those in vulnerable situations and those most dependent on biodiversity, including through sustainable biodiversity-based activities, products and services that enhance biodiversity, and protecting and encouraging customary sustainable use by indigenous peoples and local communities."
9.1 Benefits from the sustainable use of wild species,headline,verified,9.1,9.1 Benefits from the sustainable use of wild species,
9.2 Percentage of the population in traditional occupations,headline,uncertain,9.2,9.2 Percentage of the population in traditional occupations,
"9b Number or countries with policies to manage the use of wild species sustainably, providing social, economic and environmental benefits for people, and to protect and encourage customary sustainable use by indigenous peoples and local communities",binary,verified,9b,"9b Number or countries with policies to manage the use of wild species sustainably, providing social, economic and environmental benefits for people, and to protect and encourage customary sustainable use by indigenous peoples and local communities",
Red List Index (species used for food and medicine),component,,9.CT.1,Red List Index (species used for food and medicine),
"Degree of implementation of international instruments aiming to combat illegal, unreported and unregulated fishing (Sustainable Development Goal indicator 14.6.1) (2)",complementary,,5.CT.2,"Degree of implementation of international instruments aiming to combat illegal, unreported and unregulated fishing (Sustainable Development Goal indicator 14.6.1) (2)",
Spawning stock biomass (related to commercially exploited species),complementary,,9.CY.1,Spawning stock biomass (related to commercially exploited species),
Volume of production per labour unit by classes of farming/pastoral/forestry enterprise size (Sustainable Development Goal indicator 2.3.1),complementary,,9.CY.2,Volume of production per labour unit by classes of farming/pastoral/forestry enterprise size (Sustainable Development Goal indicator 2.3.1),
Red List Index (impacts of fisheries),complementary,,5.CY.3,Red List Index (impacts of fisheries),
Red List Index (for utilized species) (2),complementary,,B.CT.1,Red List Index (impact of utilization),
10,target,,T10 Sustainability Agriculture,"Enhance Biodiversity and Sustainability in Agriculture, Aquaculture, Fisheries, and Forestry","Ensure that areas under agriculture, aquaculture, fisheries and forestry are managed sustainably, in particular through the sustainable use of biodiversity, including through a substantial increase of the application of biodiversity friendly practices, such as sustainable intensification, agroecological and other innovative approaches contributing to the resilience and long-term efficiency and productivity of these production systems and to food security, conserving and restoring biodiversity and maintaining nature’s contributions to people, including ecosystem functions and services."
10.1 Proportion of agricultural area under productive and sustainable agriculture (Sustainable Development Goal indicator 2.4.1),headline,verified,10.1,10.1 Proportion of agricultural area under productive and sustainable agriculture (Sustainable Development Goal indicator 2.4.1),
10.2 Progress towards sustainable forest management (Sustainable Development Goal indicator 15.2.1),headline,verified,10.2,10.2 Progress towards sustainable forest management (Sustainable Development Goal indicator 15.2.1),
"Average income of small-scale food producers, by sex and indigenous status (SDG indicator 2.3.2)",component,,10.CT.1,"Average income of small-scale food producers, by sex and indigenous status (SDG indicator 2.3.2)",
Agrobiodiversity Index,complementary,,10.CY.1,Agrobiodiversity Index,
Soil organic carbon stocks (subindicator under Sustainable Development Goal indicator 15.3.1),complementary,,10.CY.2,Soil organic carbon stocks (subindicator under Sustainable Development Goal indicator 15.3.1),
Red List Index (forest specialist species),complementary,,10.CY.3,Red List Index (forest specialist species),
Proportion of land that is degraded over total land area (SDG indicator 15.3.1),complementary,,2.CT.1,Proportion of land that is degraded over total land area (SDG indicator 15.3.1),
Area of forest under sustainable management : total forest management certification by the Forest Stewardship Council and the Programme for the Endorsement of Forest Certification,complementary,,10.CY.4,Area of forest under sustainable management : total forest management certification by the Forest Stewardship Council and the Programme for the Endorsement of Forest Certification,
11,target,,T11 Nature's Contributions to People,"Restore, Maintain and Enhance Nature’s Contributions to People","Restore, maintain and enhance nature’s contributions to people, including ecosystem functions and services,  such as regulation of air, water, and climate, soil health, pollination and reduction of disease risk, as well  as  protection from  natural hazards  and  disasters,  through  nature-based  solutions and/or ecosystem-based  approaches for the benefit of all people and nature."
Annual mean levels of fine particulate matter (e.g. PM2.5 and PM10) in cities,component,,11.CT.1,Annual mean levels of fine particulate matter (e.g. PM2.5 and PM10) in cities,
Proportion of bodies of water with good ambient water quality,component,,11.CT.2,Proportion of bodies of water with good ambient water quality,
Level of water stress,component,,11.CT.3,Level of water stress: freshwater withdrawal as a proportion of available freshwater resources (Sustainable Development Goal indicator 6.4.2),
Air emission accounts,complementary,,11.CY.1,Air emission accounts,
Proportion of local administrative units with established and operational policies and procedures for participation of local communities in water and sanitation management (Sustainable Development Goal indicator 6.b.1),complementary,,11.CY.2,Proportion of local administrative units with established and operational policies and procedures for participation of local communities in water and sanitation management (Sustainable Development Goal indicator 6.b.1),
Proportion of population using safely managed drinking water services (Sustainable Development Goal indicator 6.1.1),complementary,,11.CY.3,Proportion of population using safely managed drinking water services (Sustainable Development Goal indicator 6.1.1),
"Mortality rate attributed to unsafe water, unsafe sanitation and lack of hygiene (exposure to unsafe Water, Sanitation and Hygiene for All (WASH) services) (Sustainable Development Goal indicator 3.9.2)",complementary,,11.CY.4,"Mortality rate attributed to unsafe water, unsafe sanitation and lack of hygiene (exposure to unsafe Water, Sanitation and Hygiene for All (WASH) services) (Sustainable Development Goal indicator 3.9.2)",
"Number of deaths, missing persons and directly affected persons attributed to disasters per 100,000 population (Sustainable Development Goal indicator 1.5.1)",complementary,,11.CY.5,"Number of deaths, missing persons and directly affected persons attributed to disasters per 100,000 population (Sustainable Development Goal indicator 1.5.1)",
12,target,,T12 Green/Blue Spaces,Enhance Green Spaces and Urban Planning for Human Well-Being and Biodiversity ,"Significantly increase the area and quality and connectivity of, access to, and benefits from green and blue spaces in urban and densely populated areas sustainably, by mainstreaming the conservation and sustainable use of biodiversity, and ensure biodiversity-inclusive urban planning, enhancing native biodiversity, ecological connectivity and integrity, and improving human health and well-being and connection to nature and contributing to inclusive and sustainable urbanization and the provision of ecosystem functions and services."
12.1 Average share of the built- up area of cities that is green or blue space for public use for all,headline,verified,12.1,12.1 Average share of the built- up area of cities that is green or blue space for public use for all,
12.b Number of countries with biodiversity- inclusive urban planning referring to green or blue urban spaces,binary,verified,12.b,12.b Number of countries with biodiversity- inclusive urban planning referring to green or blue urban spaces,
Singapore Index on Cities’ Biodiversity,component,,12.CT.1,Singapore Index on Cities’ Biodiversity,
13,target,,T13 Benefit-Sharing,"Increase the Sharing of Benefits From Genetic Resources, Digital Sequence Information and Traditional Knowledge","Take effective legal, policy, administrative and capacity-building measures at all levels, as appropriate, to  ensure the fair and equitable sharing of benefits that arise from the utilization of genetic resources and from digital sequence information on genetic resources, as well as traditional knowledge associated with genetic  resources,  and  facilitating  appropriate  access  to  genetic  resources,  and  by  2030  facilitating  a  significant  increase  of  the  benefits  shared,  in  accordance  with  applicable  international  access  and  benefit-sharing  instruments."
Total number of transfers of crop material from the Multilateral System of the International Treaty on Plant Genetic Resources for Food and Agriculture received in a country (subindicator of Sustainable Development Goal indicator 15.6.1),complementary,,13.CY.1,Total number of transfers of crop material from the Multilateral System of the International Treaty on Plant Genetic Resources for Food and Agriculture received in a country (subindicator of Sustainable Development Goal indicator 15.6.1),
Total number of internationally recognized certificates published on the Access and Benefit-sharing Clearing-House (2),component,,C.CY.3,Total number of internationally recognized certificates published on the Access and Benefit-sharing Clearing-House,
14,target,,T14 Integration of Biodiversity,Integrate Biodiversity in Decision-Making at Every Level,"Ensure the full integration of biodiversity and its multiple values into policies, regulations, planning and development processes, poverty eradication strategies, strategic environmental assessments, environmental impact assessments and, as appropriate, national accounting, within and across all levels of government and across all sectors,  in  particular  those  with  significant  impacts  on  biodiversity,progressively  aligning  all"
"14.b Number of countries integrating biodiversity and its multiple values into policies, regulations, planning, development processes, poverty eradication strategies and, as appropriate, national accounts, within and across all levels and across all sectors, and progressively aligning all relevant public and private activities and fiscal and financial flows with the goals and targets of the Framework",binary,verified,14.b,"14.b Number of countries integrating biodiversity and its multiple values into policies, regulations, planning, development processes, poverty eradication strategies and, as appropriate, national accounts, within and across all levels and across all sectors, and progressively aligning all relevant public and private activities and fiscal and financial flows with the goals and targets of the Framework",
"Integration of biodiversity into national accounting and reporting systems, defined as implementation of the System of Environmental- Economic Accounting (Sustainable Goal indicator 15.9.1 (b))",component,,14.CT.1,"Integration of biodiversity into national accounting and reporting systems, defined as implementation of the System of Environmental- Economic Accounting (Sustainable Goal indicator 15.9.1 (b))",
15,target,,T15 Sustainable Production,"Businesses Assess, Disclose and Reduce Biodiversity-Related Risks and Negative Impacts","Take legal, administrative or policy measures to encourage and enable business, and in particular to ensure  that large and transnational companies and financial institutions:
(a) Regularly  monitor,  assess,  and  transparently  disclose  their  risks,  dependencies  and  impacts  on  biodiversity, including  with  requirements  for  all  large  as  well  as  transnational  companies  and  financial institutions along their operations, supply and value chains and portfolios;
(b) Provide information needed to consumers to promote sustainable consumption patterns;
(c) Report on compliance with access and benefit-sharing regulations and measures, as applicable;
in  order  to  progressively  reduce  negative  impacts  on  biodiversity,  increase  positive  impacts,  reduce  biodiversity-related risks to business and financial institutions, and promote actions to ensure sustainable  patterns of production."
"15.1 Number of companies disclosing their biodiversity- related risks, dependencies and impacts",headline,verified,15.1,"15.1 Number of companies disclosing their biodiversity- related risks, dependencies and impacts",
"15.b Number of countries with legal, administrative or policy measures aimed at encouraging and enabling business and financial institutions, and in particular for large and transnational companies and financial institutions, to progressively reduce their negative impacts on biodiversity, increase their positive impacts, reduce their biodiversity- related risks and promote actions to ensure sustainable patterns of production",binary,verified,15.b,"15.b Number of countries with legal, administrative or policy measures aimed at encouraging and enabling business and financial institutions, and in particular for large and transnational companies and financial institutions, to progressively reduce their negative impacts on biodiversity, increase their positive impacts, reduce their biodiversity- related risks and promote actions to ensure sustainable patterns of production",
Number of companies publishing sustainability reports (Sustainable Development Goal indicator 12.6.1),component,,15.CT.1,Number of companies publishing sustainability reports (Sustainable Development Goal indicator 12.6.1),
Number of organizations within the country that have signalled an intent to start adopting the recommendations of the Taskforce on Nature- related Financial Disclosures,complementary,,15.CY.1,Number of organizations within the country that have signalled an intent to start adopting the recommendations of the Taskforce on Nature- related Financial Disclosures,
16,target,,T16 Sustainable Consumption,Enable Sustainable Consumption Choices To Reduce Waste and Overconsumption,"Ensure  that  people  are  encouraged  and  enabled  to  make  sustainable  consumption  choices  including  by  establishing  supportive  policy,  legislative  or  regulatory  frameworks,  improving  education  and  access  to  relevant and accurate information and alternatives, and by 2030, reduce the global footprint of consumption  in   an   equitable   manner,  including   through  halving global   food   waste,   significantly   reducing overconsumption  and  substantially  reducing waste  generation,  in  order  for  all  people  to  live  well  in  harmony with Mother Earth."
"16.b Number of countries developing, adopting or implementing policy instruments aimed at encouraging and enabling people to make sustainable consumption choices",binary,verified,16.b,"16.b Number of countries developing, adopting or implementing policy instruments aimed at encouraging and enabling people to make sustainable consumption choices",
Food Waste Index (Sustainable Development Goal indicator 12.3.1(b)),component,,16.CT.1,Food Waste Index (Sustainable Development Goal indicator 12.3.1(b)),
"Material footprint, material footprint per capita, and material footprint per GDP (Sustainable Development Goal indicator 8.4.1) per capita",component,,16.CT.2,"Material footprint, material footprint per capita, and material footprint per GDP (Sustainable Development Goal indicator 8.4.1) per capita",
Global environmental impacts of consumption,component,,,Global environmental impacts of consumption,
Ecological footprint (2),component,,B.CY.1,Ecological footprint,
Extent to which (i) global citizenship education and (ii)education for sustainable development are mainstreamed in (a) national education policies; (b) curricula; (c) teacher education and (d) student assessment (Sustainable Development Goal indicator 4.7.1),complementary,,16.CY.1,Extent to which (i) global citizenship education and (ii)education for sustainable development are mainstreamed in (a) national education policies; (b) curricula; (c) teacher education and (d) student assessment (Sustainable Development Goal indicator 4.7.1),
"National recycling rate, tons of material recycled (Sustainable Development Goal indicator 12.5.1)",complementary,,16.CY.2,"National recycling rate, tons of material recycled (Sustainable Development Goal indicator 12.5.1)",
Human appropriation of net primary production,complementary,,16.CY.3,Human appropriation of net primary production,
Carbon dioxide emission per unit of value added (Sustainable Development Goal indicator 9.4.1),complementary,,16.CY.4,Carbon dioxide emission per unit of value added (Sustainable Development Goal indicator 9.4.1),
Change in water-use efficiency over time (Sustainable Development Goal indicator 6.4.1),complementary,,16.CY.5,Change in water-use efficiency over time (Sustainable Development Goal indicator 6.4.1),
Indicators from the Life Cycle Impact Assessment Programme,complementary,,16.CY.6,Indicators from the Life Cycle Impact Assessment Programme,
Poverty level,complementary,,16.CY.7,Poverty level,
17,target,,T17 Biosafety,Strengthen Biosafety and Distribute the Benefits of Biotechnology,"Establish, strengthen capacity for, and implement in all countries in biosafety measures as set out in Article  8(g) of the Convention on Biological Diversity and measures for the handling of biotechnology and distribution  of its benefits as set out in Article 19 of the Convention."
17.b Number of countries that have taken action to implement biosafety measures as set out in Article 8(g) of the Convention and measures for the handling of biotechnology and the distribution of its benefits as set out in Article 19,binary,verified,17.b,17.b Number of countries that have taken action to implement biosafety measures as set out in Article 8(g) of the Convention and measures for the handling of biotechnology and the distribution of its benefits as set out in Article 19,
Indicators related to the Cartagena Protocol on Biosafety,complementary,,17.CY.1,Indicators related to the Cartagena Protocol on Biosafety,
18,target,,T18 Incentives,"Reduce Harmful Incentives by at Least $500 Billion per Year, and Scale Up Positive Incentives for Biodiversity","Identify  by  2025,  and  eliminate,  phase  out  or  reform  incentives,  including  subsidies, harmful  for  biodiversity, in a proportionate, just, fair, effective and equitable way, while substantially and progressively  reducing them by at least 500 billion United States dollars per year by 2030, starting with the most harmful  incentives, and scale up positive incentives for the conservation and sustainable use of biodiversity."
18.1 Positive incentives in place to promote biodiversity conservation and sustainable use,headline,verified,18.1,18.1 Positive incentives in place to promote biodiversity conservation and sustainable use,
18.2 Value of subsidies and other incentives harmful to biodiversity,headline,verified,18.2,18.2 Value of subsidies and other incentives harmful to biodiversity,
Monetary value of biodiversity-positive subsidies,component,,,Monetary value of biodiversity-positive subsidies,
Revenue generated by biodiversity-relevant tradable permits (if auctioned),component,,18.CT.1,Revenue generated by biodiversity-relevant tradable permits (if auctioned),
Monetary value of payments for ecosystem services,component,,18.CT.2,Monetary value of payments for ecosystem services,
Monetary value of biodiversity offsets,component,,18.CT.3,Monetary value of biodiversity offsets,
"Number of other
positive incentives in place for biodiversity (by type)",complementary,,,"Number of other
positive incentives in place for biodiversity (by type)",
Monetary value of other positive incentives in place for biodiversity,complementary,,,Monetary value of other positive incentives in place for biodiversity,
19,target,,T19 Resource Mobilization,"Mobilize $200 Billion per Year for Biodiversity From all Sources, Including $30 Billion Through International Finance","Substantially and progressively increase the level of financial resources from all sources, in an effective,  timely  and  easily  accessible  manner,  including  domestic,  international,  public  and  private  resources,  in  accordance  with  Article  20  of  the  Convention,  to  implement  national  biodiversity  strategies  and  action  plans, by 2030 mobilizing at least 200 billion United States dollars per year, including by: 
(a) Increasing total  biodiversity  related  international  financial  resources  from  developed  countries, including official development assistance, and from countries that voluntarily assume obligations  of developed country Parties, to developing countries, in particular the least developed countries and small  island developing States, as well as countries with economies in transition, to at least US$ 20 billion per  year by 2025, and to at least US$ 30 billion per year by 2030;
(b)  Significantly increasing domestic resource mobilization, facilitated by the preparation and  implementation of national biodiversity finance plans or similar instruments according to national needs, priorities and circumstances;
(c)  Leveraging private finance, promoting blended finance, implementing strategies for raising  new and additional resources, and encouraging the private sector to invest in biodiversity, including through  impact funds and other instruments;
(d)  Stimulating  innovative  schemes  such  as  payment  for  ecosystem  services,  green  bonds,  biodiversity offsets and credits, benefit-sharing mechanisms, with environmental and social safeguards
(e)  Optimizing co-benefits  and  synergies  of  finance  targeting  the  biodiversity  and climate  crises, 
(f)  Enhancing  the  role  of  collective  actions,  including  by  indigenous  peoples  and  local  communities, Mother Earth centric actions22 and non-market-based approaches including community based  natural  resource  management  and  civil  society cooperation  and  solidarity  aimed  at  the  conservation  of  biodiversity
(g)  Enhancing the effectiveness, efficiency and transparency of resource provision and use;"
20,target,,T20 Capacity Building,"Strengthen Capacity-Building, Technology Transfer, and Scientific and Technical Cooperation for Biodiversity ","Strengthen  capacity-building  and  development,  access  to  and  transfer  of  technology,  and  promote  development of and access to innovation and technical and scientific cooperation, including through South- South, North-South and triangular cooperation, to meet the needs for effective implementation, particularly  in developing countries, fostering joint technology development and joint scientific research programmes  for  the  conservation  and  sustainable  use  of  biodiversity  and  strengthening  scientific  research  and  monitoring capacities, commensurate with the ambition of the goals and targets of the framework."
"20.b Number of countries that have taken significant action to strengthen capacity-building and development and access to and transfer of technology, and to promote the development of and access to innovation and technical and scientific cooperation",binary,verified,20.b,"20.b Number of countries that have taken significant action to strengthen capacity-building and development and access to and transfer of technology, and to promote the development of and access to innovation and technical and scientific cooperation",
"Total amount of funding for developing countries to promote the development, transfer, dissemination and diffusion of environmentally sound technologies (Sustainable Development Goal indicator 17.7) (1)",component,,20.CT.1,"Total amount of funding for developing countries to promote the development, transfer, dissemination and diffusion of environmentally sound technologies (Sustainable Development Goal indicator 17.7",
Researchers (in full-time equivalent) per million inhabitants) (Sustainable Development Goal indicator 9.5.2),complementary,,20.CY.1,Researchers (in full-time equivalent) per million inhabitants) (Sustainable Development Goal indicator 9.5.2),
Volume of official development assistance flows for scholarships by sector and type of study (Sustainable Development Goal indicator 4.b.1),complementary,,D.CY.4,Volume of official development assistance flows for scholarships by sector and type of study (Sustainable Development Goal indicator 4.b.1),
Global imports of information and communications technology goods as presented by bilateral trade flows by information and communications technology goods category,complementary,,20.CY.2,Global imports of information and communications technology goods as presented by bilateral trade flows by information and communications technology goods category,
"Total amount of funding for developing countries to promote the development, transfer, dissemination and diffusion of environmentally sound technologies (Sustainable Development Goal indicator 17.7.1) (2)",complementary,,20.CT.1,"Total amount of funding for developing countries to promote the development, transfer, dissemination and diffusion of environmentally sound technologies (Sustainable Development Goal indicator 17.7.1)",
21,target,,T21 Knowledge,Ensure That Knowledge Is Available and Accessible To Guide Biodiversity Action ,"Ensure  that  the  best  available  data,  information  and  knowledge,  are accessible  to  decision  makers,  practitioners  and  the  public  to  guide  effective  and  equitable  governance,  integrated  and  participatory  management of biodiversity, and to strengthen communication, awareness-raising, education, monitoring,  research and knowledge management and, also in this context, traditional knowledge, innovations, practices  and  technologies  of  indigenous  peoples  and  local  communities  should  only  be  accessed  with  their  free,  prior and informed consent,23 in accordance with national legislation."
21.1 Indicator on biodiversity information for monitoring the Kunming- Montreal Global Biodiversity Framework,headline,verified,21.1,21.1 Indicator on biodiversity information for monitoring the Kunming- Montreal Global Biodiversity Framework,
Species Information Index,component,,21.CT.1,Species Information Index,
Participation of indigenous peoples and local communities in decision-making related to the implementation of the Convention at all levels,component,,21.CT.2,Participation of indigenous peoples and local communities in decision-making related to the implementation of the Convention at all levels,
Index of Linguistic Diversity,component,,21.CT.3,Index of Linguistic Diversity,
Growth in number of records and species in the Living Planet Index database,complementary,,21.CY.1,Growth in number of records and species in the Living Planet Index database,
Growth in species occurrence records accessible through the Global Biodiversity Information Facility,complementary,,21.CY.2,Growth in species occurrence records accessible through the Global Biodiversity Information Facility,
Growth in marine species occurrence records accessible through the Ocean Biodiversity Information System,complementary,,21.CY.3,Growth in marine species occurrence records accessible through the Ocean Biodiversity Information System,
Proportion of known species assessed through the International Union for Conservation of Nature Red List of Threatened Species,complementary,,21.CY.4,Proportion of known species assessed through the International Union for Conservation of Nature Red List of Threatened Species,
Number of assessments on the International Union for Conservation of Nature Red List of Threatened Species,complementary,,21.CY.5,Number of assessments on the International Union for Conservation of Nature Red List of Threatened Species,
World Association of Zoos and Aquariums bioliteracy survey (biodiversity literacy in global zoo and aquarium visitors),complementary,,21.CY.6,World Association of Zoos and Aquariums bioliteracy survey (biodiversity literacy in global zoo and aquarium visitors),
22,target,,T22 Participation,Ensure Participation in Decision-Making and Access to Justice and Information Related to Biodiversity for all ,"Ensure  the  full,  equitable,  inclusive,  effective  and  gender-responsive  representation  and  participation  in  decision-making, and access to justice and information related to biodiversity by indigenous peoples and  local communities, respecting their cultures and their rights over lands, territories,resources, and traditional  knowledge, as well as by women and girls, children and youth, and persons with disabilities and ensure the  full protection of environmental human rights defenders."
22.1 Land-use change and land tenure in the traditional territories of indigenous peoples and local communities,headline,uncertain,22.1,22.1 Land-use change and land tenure in the traditional territories of indigenous peoples and local communities,
"22.b Number of countries taking action towards the full, equitable, inclusive, effective and gender-responsive representation and participation, in decision-making, and access to justice and information related to biodiversity by indigenous peoples and local communities, respecting their cultures and their rights over lands, territories, resources, and traditional knowledge, as well as by, women, and girls, children and youth, and persons with disabilities and the full protection of environmental human rights defenders",binary,verified,22.b,"22.b Number of countries taking action towards the full, equitable, inclusive, effective and gender-responsive representation and participation, in decision-making, and access to justice and information related to biodiversity by indigenous peoples and local communities, respecting their cultures and their rights over lands, territories, resources, and traditional knowledge, as well as by, women, and girls, children and youth, and persons with disabilities and the full protection of environmental human rights defenders",
"Proportion of total adult population with secure tenure rights to land, (a) with legally recognized documentation; and (b) who perceive their rights to land as secure, by sex and type of tenure (Sustainable Development Goal indicator 1.4.2)",component,,22.CT.1,"Proportion of total adult population with secure tenure rights to land, (a) with legally recognized documentation; and (b) who perceive their rights to land as secure, by sex and type of tenure (Sustainable Development Goal indicator 1.4.2)",
"Number of verified cases of killings and other attacks against environmental human rights defenders in the previous 12 months (Sustainable
Development Goal indicator16.10.1)",component,,22.CT.2,"Number of verified cases of killings and other attacks against environmental human rights defenders in the previous 12 months (Sustainable
Development Goal indicator16.10.1)",
"Proportions of positions in national and local institutions, including: (a) the legislatures; (b) the public service; and (c) the judiciary, compared to national distributions, by sex, age, persons with disabilities and population groups (Sustainable Development Goal indicator16.7.1)",complementary,,22.CY.1,"Proportions of positions in national and local institutions, including: (a) the legislatures; (b) the public service; and (c) the judiciary, compared to national distributions, by sex, age, persons with disabilities and population groups (Sustainable Development Goal indicator16.7.1)",
Proportion of countries with systems to track and make public allocations for gender equality and women’s empowerment (Sustainable Development Goal indicator 5.c.1),complementary,,22.CY.2,Proportion of countries with systems to track and make public allocations for gender equality and women’s empowerment (Sustainable Development Goal indicator 5.c.1),
"Proportion of total agricultural population with ownership or secure rights over agricultural land, by sex; and share of women among owners or rights-bearers of agricultural land, by type of tenure (Sustainable Development Goal indicator 5.a.1)",complementary,,22.CY.3,"Proportion of total agricultural population with ownership or secure rights over agricultural land, by sex; and share of women among owners or rights-bearers of agricultural land, by type of tenure (Sustainable Development Goal indicator 5.a.1)",
Number Proportion of countries where the legal framework (including customary law) guarantees women’s equal rights to land ownership and/or control (Sustainable Development Goal indicator 5.a.2),complementary,,22.CY.4,Number Proportion of countries where the legal framework (including customary law) guarantees women’s equal rights to land ownership and/or control (Sustainable Development Goal indicator 5.a.2),
"Proportion of population who believe decision-making is inclusive and responsive, by sex, age, disability and population group (Sustainable Development Goal indicator 16.7.2)",complementary,,22.CY.5,"Proportion of population who believe decision-making is inclusive and responsive, by sex, age, disability and population group (Sustainable Development Goal indicator 16.7.2)",
"Area covered by the reported territories and areas governed, managed, and conserved by custodian indigenous peoples and local communities (ICCAs—territories of life)",complementary,,22.CY.6,"Area covered by the reported territories and areas governed, managed, and conserved by custodian indigenous peoples and local communities (ICCAs—territories of life)",
23,target,,T23 Gender Equality,Ensure Gender Equality and a Gender-Responsive Approach for Biodiversity Action,"Ensure  gender  equality  in  the  implementation  of  the  framework  through  a  gender-responsive  approach  where all women and girls have equal opportunity and capacity to contribute to the three objectives of the  Convention, including by recognizing their equal rights and access to land and natural resources and their full, equitable, meaningful and informed participation and leadership at all levels of action, engagement,  policy and decision-making related to biodiversity."
"23.b Number of countries with legal, administrative or policy frameworks, inter alia, the Gender Plan of Action (2023–2030), to ensure that all women and girls have equal opportunity and capacity to contribute to the three objectives of the Convention, including by ensuring women’s equal rights and access to land and natural resources",binary,verified,23.b,"23.b Number of countries with legal, administrative or policy frameworks, inter alia, the Gender Plan of Action (2023–2030), to ensure that all women and girls have equal opportunity and capacity to contribute to the three objectives of the Convention, including by ensuring women’s equal rights and access to land and natural resources",
Proportion of seats held by women in: (a) national parliaments; and (b) local governments (Sustainable Development Goal indicator 5.5.1),component,,23.CT.1,Proportion of seats held by women in: (a) national parliaments; and (b) local governments (Sustainable Development Goal indicator 5.5.1),
Indicator on national implementation of the Gender Plan of Action (2023–2030),component,,23.CT.2,Indicator on national implementation of the Gender Plan of Action (2023–2030),
"Percentage of positions in national and local institutions, including: (a) the legislatures; (b) the public service; and (c) the judiciary, compared to national distributions, by sex, age, persons with disabilities and population groups",complementary,,22.CY.1,"Percentage of positions in national and local institutions, including: (a) the legislatures; (b) the public service; and (c) the judiciary, compared to national distributions, by sex, age, persons with disabilities and population groups",
Proportion of countries where the legal framework (including customary law) guarantees women’s equal rights to land ownership and/or control (Sustainable Development Goal indicator 5.a.2),complementary,,22.CY.4,Proportion of countries where the legal framework (including customary law) guarantees women’s equal rights to land ownership and/or control (Sustainable Development Goal indicator 5.a.2),
Pressure,category,,Pressure,,
State,category,,State,,
Response,category,,Response,,
Benefits,category,,Benefits,,
5.b Number of countries with legal instruments or other policy frameworks for regulating trade in wild species,binary,,5.b,5.b Number of countries with legal instruments or other policy frameworks for regulating trade in wild species,
"13.b Number of countries that have taken effective legal, policy, administrative and capacity-building measures at all levels, as appropriate, to ensure the fair and equitable sharing of benefits from the utilization of genetic resources and from digital sequence information on genetic resources, as well as traditional knowledge associated with genetic resources",binary,,13.b,"13.b Number of countries that have taken effective legal, policy, administrative and capacity-building measures at all levels, as appropriate, to ensure the fair and equitable sharing of benefits from the utilization of genetic resources and from digital sequence information on genetic resources, as well as traditional knowledge associated with genetic resources",